# Redirects for hardikgarg.me

# Redirects for projects
/ascii              https://ascii.hardikgarg.me/
/askii              https://ascii.hardikgarg.me/
/calculator         https://calculator.hardikgarg.me/
/canteen            https://ace-canteen.hardikgarg.me/
/digital-marketing-agency   https://pixel-perfect.hardikgarg.me/
/netflix            https://netflix.hardikgarg.me/
/pixelperfect       https://pixel-perfect.hardikgarg.me/
/pixel-perfect      https://pixel-perfect.hardikgarg.me/
/projects           https://github.com/sasukeuchiha14?tab=repositories
/security           https://wifi-security.hardikgarg.me/
/spotify            http://spotify.hardikgarg.me/
/todo               https://todo.hardikgarg.me/
/todo-list          https://todo.hardikgarg.me/
/todo-app           https://todo.hardikgarg.me/
/ultraedit          https://ultraedit.hardikgarg.me/
/video-player       https://video-player.hardikgarg.me/
/wifi-security      https://wifi-security.hardikgarg.me/

# Redirects for profiles
/microsoft-learn    https://learn.microsoft.com/en-us/users/hardikgarg01/
/mslearn            https://learn.microsoft.com/en-us/users/hardikgarg01/
/leetcode           https://leetcode.com/hardikgarg0106/
/lc                 https://leetcode.com/hardikgarg0106/
/hackerrank         https://www.hackerrank.com/hardikgarg01
/hr                 https://www.hackerrank.com/hardikgarg01
/stackoverflow      https://stackoverflow.com/users/23016056
/stack-overflow     https://stackoverflow.com/users/23016056
/so                 https://stackoverflow.com/users/23016056
/dev                https://dev.to/hardikgarg01

# Redirects for contacts
/contact            /index.html#contact1
/contacts           /index.html#contact2
/contact-me         /index.html#contact1
/mail               /index.html#contact2
/email              /index.html#contact2
/mailto             /index.html#contact2
/phone              /index.html#contact2
/phone-number       /index.html#contact2
/social             /index.html#contact2
/socials            /index.html#contact2
/socialmedia        /index.html#contact2
/social-media       /index.html#contact2

# Redirects for social media links
/github             https://github.com/sasukeuchiha14
/linkedin           https://www.linkedin.com/in/hardikgarg01/
/insta              https://www.instagram.com/hardikgarg01/
/instagram          https://www.instagram.com/hardikgarg01/
/fb                 https://www.facebook.com/hardikgarg01/
/facebook           https://www.facebook.com/hardikgarg01/
/whatsapp           https://wa.me/918000833619
/whatsapp-me        https://wa.me/918000833619
/twitter            /index.html 200
/x                  /index.html 200

# Redirects for cv and resume
/cv                 /Hardik%20Garg.pdf
/resume             /Hardik%20Garg.pdf

# Redirects all 404 to the index
/*                  /index.html 200